<?xml version="1.0" encoding="utf-8" ?>
<dwsync>
<file name="jquery.qtip.css" server="192.168.0.10//var/www/vhosts/schedule.nookal.com/httpdocs/" local="129889085860000000" remote="129890451810000000" />
<file name="jquery.qtip.js" server="192.168.0.10//var/www/vhosts/schedule.nookal.com/httpdocs/" local="129889085860000000" remote="129890451810000000" />
<file name="jquery.qtip.min.css" server="192.168.0.10//var/www/vhosts/schedule.nookal.com/httpdocs/" local="129889085860000000" remote="129890451820000000" />
<file name="jquery.qtip.min.js" server="192.168.0.10//var/www/vhosts/schedule.nookal.com/httpdocs/" local="129889085860000000" remote="129890451820000000" />
<file name="jquery.qtip.css" server="192.168.0.10//var/www/vhosts/schedule/httpdocs/" local="129868207720000000" remote="129895076480000000" />
<file name="jquery.qtip.js" server="192.168.0.10//var/www/vhosts/schedule/httpdocs/" local="129868207720000000" remote="129895076480000000" />
<file name="jquery.qtip.min.css" server="192.168.0.10//var/www/vhosts/schedule/httpdocs/" local="129868207740000000" remote="129895076490000000" />
<file name="jquery.qtip.min.js" server="192.168.0.10//var/www/vhosts/schedule/httpdocs/" local="129868207720000000" remote="129895076490000000" />
</dwsync>